{"train_losses": [0.9990708840437261, 0.5342230830809009, 0.47614959800198053, 0.4259137796811731, 0.412740736179932, 0.39250906667328606, 0.3854780541626673, 0.3792079355100262, 0.3725831115427126, 0.36836790834542915], "val_losses": [0.645904043629056, 0.5563100239208766, 0.5552944194702875, 0.5256077359971546, 0.4904843673819587, 0.49168656105086916, 0.5228592562675476, 0.5074393901370821, 0.5185653448672521, 0.5349677868116469]}