{"train_losses": [1.3592244613306603, 1.038485215190699, 0.8019472197434748, 0.7069150841734708, 0.6312399035170958, 0.5761727264625491, 0.5731516154093435, 0.5006077560408487, 0.49487388813903577, 0.4546723340853992, 0.4763958923263695, 0.4623705924917083, 0.4631355216747908, 0.4453366493997465, 0.4254559773682641, 0.43572214857707003, 0.4130077423251627, 0.40586998050203793, 0.40776044186983723, 0.4205357221596141, 0.4343221935482533, 0.4086492716586182, 0.4070147371110807], "val_losses": [1.213529191244216, 0.8094254643576486, 0.6431438567524864, 0.5785386627061027, 0.5435964832987105, 0.5197936891941797, 0.5298378276824951, 0.5088897606304713, 0.4760123028073992, 0.5086937686375209, 0.5277252617336455, 0.45823971498580207, 0.4597692223957607, 0.5192095169566926, 0.47070145317486356, 0.46255176124118624, 0.44537813584009806, 0.4434489763350714, 0.4635905985605149, 0.505456173874083, 0.4514740286554609, 0.4441593786648342, 0.5080301406269981], "best_validation_loss": 0.4434489763350714}