{"train_losses": [1.1341136700753476, 0.5603937239248037, 0.4845546712893497, 0.45291150902387306, 0.4258592319125912, 0.43076270354111384, 0.41476070450285996, 0.40223354826408647, 0.39685909807002134, 0.3983420520567622], "val_losses": [0.8293504864828927, 0.6350583049229214, 0.5455467110588437, 0.5403757074901036, 0.5176479232878912, 0.5911357923916408, 0.5239890723001389, 0.5411500935327439, 0.5181064110710507, 0.5593036686806452], "best_validation_loss": 0.5176479232878912}