{"train_losses": [1.5200428908315449, 1.3933342967196563, 1.3897734182415806, 1.3870631601420647, 1.3850044424542909, 1.3834428556065141, 1.382295114912461, 1.3814994332454957, 1.380893763480531, 1.3805411763970843, 1.3801943920411084, 1.379997987710931, 1.3798172428580744, 1.3797147314811387, 1.379704941361576, 1.379620481806563, 1.379597473507145, 1.3795673480052004, 1.3795763743694291, 1.379522769623383, 1.3796176742691504, 1.3794892065425337, 1.379501195914845, 1.3795494203785073, 1.3795099281086214, 1.379546740209195, 1.379546853072743, 1.3795345962727479, 1.3795896623524422, 1.3795244571373944, 1.3795627337444871, 1.379525792009477, 1.3795188873892954, 1.3795128213135461, 1.3795081531140287, 1.3794938498123517], "val_losses": [1.4052366937909808, 1.4004703256062099, 1.3965577130090623, 1.3931615491140457, 1.3910597837538947, 1.3885949028105964, 1.3871149878274827, 1.3857454885755267, 1.384964150474185, 1.3843745031810941, 1.3834769090016683, 1.3830022444043841, 1.3828127168473743, 1.3824747292200725, 1.382186640103658, 1.3821476141611735, 1.3818281782241095, 1.3818012273879279, 1.3817089505422684, 1.3816132715770177, 1.381812788418361, 1.3815668260483516, 1.3814381803785052, 1.3816364313307263, 1.3813993921734038, 1.3814087279637655, 1.3813035158883957, 1.3817232722327824, 1.3813415170851209, 1.381577314422244, 1.381296468008132, 1.3814252462841217, 1.3816292136056083, 1.3814585501807077, 1.3815065488361178, 1.3813597479320707]}